sample	ontad_subset	start	end	best_domain_iou
MCG037	level1	9875000	10575000	0.5490196078431373
MCG037	level1	10575000	10875000	0.23529411764705882
MCG037	level1	10875000	11925000	0.010869565217391304
MCG037	all_levels	9875000	10575000	0.9
MCG037	all_levels	10575000	10875000	0.8461538461538461
MCG037	all_levels	10875000	11925000	0.018867924528301886
MCG011	level1	9925000	10325000	0.42105263157894735
MCG011	level1	10325000	10600000	0.2894736842105263
MCG011	level1	10600000	10875000	0.16129032258064516
MCG011	level1	10875000	11325000	0.29508196721311475
MCG011	all_levels	9925000	10325000	0.9411764705882353
MCG011	all_levels	10325000	10600000	0.7857142857142857
MCG011	all_levels	10600000	10875000	0.8333333333333334
MCG011	all_levels	10875000	11325000	0.33962264150943394
