chrom	start	end	level	mean	score	start_bin	end_bin
chr17	7700000	9725000	1	0.882	3.348	9	89
chr17	7700000	9550000	2	1.053	3.308	9	82
chr17	7700000	8075000	3	2.777	0.889	9	23
chr17	8050000	8400000	3	2.101	0.942	23	36
chr17	8375000	8975000	3	1.635	1.068	36	59
chr17	8375000	8800000	4	1.878	0.51	36	52
chr17	8775000	8975000	4	1.539	0.335	52	59
chr17	8950000	9550000	3	1.615	0.202	59	82
chr17	9700000	10650000	1	1.315	2.716	89	126
chr17	9700000	9925000	2	1.759	0.872	89	97
chr17	9900000	10650000	2	1.202	1.495	97	126
chr17	9900000	10325000	3	2.274	0.966	97	113
chr17	10300000	10650000	3	1.108	0.179	113	126
chr17	10625000	12150000	1	1.319	0.71	126	186
chr17	10625000	11950000	2	1.295	0.419	126	178
chr17	10625000	10900000	3	1.144	0.31	126	136
chr17	11925000	12150000	2	0.45	0.079	178	186
chr17	12125000	13100000	1	0.902	0.078	186	224
chr17	13075000	13500000	1	0.517	0.098	224	240
