chrom1	start1	end1	chrom2	start2	end2	count	balanced
chr17	10000000	10025000	chr17	10000000	10025000	109	0.16563596844476097
chr17	10000000	10025000	chr17	10025000	10050000	63	0.0734416697869647
chr17	10000000	10025000	chr17	10050000	10075000	20	0.029239273582396315
chr17	10000000	10025000	chr17	10075000	10100000	19	0.024597968432492377
chr17	10000000	10025000	chr17	10100000	10125000	33	0.040183394580752985
chr17	10000000	10025000	chr17	10125000	10150000	21	0.02831549873438309
chr17	10000000	10025000	chr17	10150000	10175000	12	0.020865801327762418
chr17	10000000	10025000	chr17	10175000	10200000	19	0.023735549494666726
chr17	10000000	10025000	chr17	10200000	10225000	23	0.03140906833771698
chr17	10000000	10025000	chr17	10225000	10250000	14	0.019089665521486943
chr17	10000000	10025000	chr17	10250000	10275000	6	0.008967003646392198
chr17	10000000	10025000	chr17	10275000	10300000	13	0.015558451124488672
chr17	10000000	10025000	chr17	10300000	10325000	6	0.007389686766781719
chr17	10000000	10025000	chr17	10325000	10350000	7	0.010216328586564839
chr17	10000000	10025000	chr17	10350000	10375000	3	0.004163113062525491
chr17	10000000	10025000	chr17	10375000	10400000	2	0.002549087740344729
chr17	10000000	10025000	chr17	10400000	10425000	1	0.001322251311978438
chr17	10000000	10025000	chr17	10425000	10450000	1	0.0012893670724794537
chr17	10000000	10025000	chr17	10450000	10475000	1	0.0012904429635883696
chr17	10000000	10025000	chr17	10475000	10500000	1	0.0014789411503136442
chr17	10000000	10025000	chr17	10500000	10525000	1	0.0015062357219216285
chr17	10000000	10025000	chr17	10525000	10550000	5	0.007718695273299723
chr17	10000000	10025000	chr17	10550000	10575000	5	0.005999613501790148
chr17	10000000	10025000	chr17	10575000	10600000	1	0.0013391161154565512
chr17	10000000	10025000	chr17	10600000	10625000	6	0.008744713805855949
chr17	10000000	10025000	chr17	10625000	10650000	3	0.003802974778844783
chr17	10000000	10025000	chr17	10650000	10675000	3	0.004118015256769724
chr17	10000000	10025000	chr17	10675000	10700000	2	0.0032431161022421816
chr17	10000000	10025000	chr17	10700000	10725000	3	0.004183686119946922
chr17	10000000	10025000	chr17	10725000	10750000	3	0.004103573940280804
chr17	10000000	10025000	chr17	10750000	10775000	1	0.0014131917698490465
chr17	10000000	10025000	chr17	10800000	10825000	1	0.0012163436554567366
chr17	10000000	10025000	chr17	10850000	10875000	1	0.0012865537922312057
chr17	10000000	10025000	chr17	10875000	10900000	1	0.0012755845957740633
chr17	10000000	10025000	chr17	10900000	10925000	2	0.002773748607119027
chr17	10000000	10025000	chr17	10925000	10950000	1	0.0011676763352341383
chr17	10000000	10025000	chr17	10975000	11000000	1	0.0012448711667834118
chr17	10025000	10050000	chr17	10025000	10050000	120	0.10731417194813676
chr17	10025000	10050000	chr17	10050000	10075000	55	0.061684082933876026
chr17	10025000	10050000	chr17	10075000	10100000	37	0.036746941896030116
chr17	10025000	10050000	chr17	10100000	10125000	29	0.027089720218703563
chr17	10025000	10050000	chr17	10125000	10150000	33	0.03413443355460706
chr17	10025000	10050000	chr17	10150000	10175000	24	0.03201392353849538
chr17	10025000	10050000	chr17	10175000	10200000	20	0.019166796190629366
chr17	10025000	10050000	chr17	10200000	10225000	33	0.03457124326013639
chr17	10025000	10050000	chr17	10225000	10250000	20	0.020920599172251624
chr17	10025000	10050000	chr17	10250000	10275000	14	0.016050847606009118
chr17	10025000	10050000	chr17	10275000	10300000	11	0.010099259522206614
chr17	10025000	10050000	chr17	10300000	10325000	6	0.00566891401411015
chr17	10025000	10050000	chr17	10325000	10350000	8	0.008956960094705351
chr17	10025000	10050000	chr17	10350000	10375000	2	0.0021291231710085915
chr17	10025000	10050000	chr17	10375000	10400000	1	0.0009777518094132946
chr17	10025000	10050000	chr17	10400000	10425000	2	0.002028700059749505
chr17	10025000	10050000	chr17	10425000	10450000	1	0.000989123260185794
chr17	10025000	10050000	chr17	10450000	10475000	1	0.0009899486177926153
chr17	10025000	10050000	chr17	10475000	10500000	2	0.0022691057084435837
chr17	10025000	10050000	chr17	10500000	10525000	2	0.0023109831477399778
chr17	10025000	10050000	chr17	10550000	10575000	5	0.004602535145661511
chr17	10025000	10050000	chr17	10575000	10600000	3	0.0030818630151783107
chr17	10025000	10050000	chr17	10600000	10625000	8	0.008944543426160013
chr17	10025000	10050000	chr17	10625000	10650000	6	0.005834817550322145
chr17	10025000	10050000	chr17	10650000	10675000	2	0.0021060589924109534
chr17	10025000	10050000	chr17	10675000	10700000	3	0.003731879354622594
chr17	10025000	10050000	chr17	10700000	10725000	2	0.0021396447620863723
chr17	10025000	10050000	chr17	10725000	10750000	5	0.005246683328664335
chr17	10025000	10050000	chr17	10750000	10775000	3	0.0032523418981984954
chr17	10025000	10050000	chr17	10775000	10800000	1	0.0010329619683406839
chr17	10025000	10050000	chr17	10800000	10825000	2	0.0018662083555121113
chr17	10025000	10050000	chr17	10825000	10850000	1	0.001074627487672787
chr17	10025000	10050000	chr17	10850000	10875000	1	0.0009869650842944148
chr17	10025000	10050000	chr17	10875000	10900000	2	0.001957100380403774
chr17	10025000	10050000	chr17	10900000	10925000	3	0.0031917744648932355
chr17	10025000	10050000	chr17	10925000	10950000	2	0.0017915391950060764
chr17	10050000	10075000	chr17	10050000	10075000	109	0.1533103626533055
chr17	10050000	10075000	chr17	10075000	10100000	51	0.06352201189745461
chr17	10050000	10075000	chr17	10100000	10125000	37	0.04334538212511783
chr17	10050000	10075000	chr17	10125000	10150000	17	0.022052725514974517
chr17	10050000	10075000	chr17	10150000	10175000	15	0.02509305339900425
chr17	10050000	10075000	chr17	10175000	10200000	16	0.019229770535399666
chr17	10050000	10075000	chr17	10200000	10225000	17	0.022334928661041233
chr17	10050000	10075000	chr17	10225000	10250000	19	0.024924836268087842
chr17	10050000	10075000	chr17	10250000	10275000	8	0.011502560145174588
chr17	10050000	10075000	chr17	10275000	10300000	12	0.013816965827347438
chr17	10050000	10075000	chr17	10300000	10325000	12	0.014218849435246964
chr17	10050000	10075000	chr17	10325000	10350000	5	0.007020616441434624
chr17	10050000	10075000	chr17	10350000	10375000	4	0.0053402965228109564
chr17	10050000	10075000	chr17	10375000	10400000	1	0.0012262053832959928
chr17	10050000	10075000	chr17	10400000	10425000	1	0.0012721034675714099
chr17	10050000	10075000	chr17	10450000	10475000	2	0.002483002971995782
chr17	10050000	10075000	chr17	10525000	10550000	2	0.0029703820849607894
chr17	10050000	10075000	chr17	10550000	10575000	2	0.0023088286078675347
chr17	10050000	10075000	chr17	10575000	10600000	3	0.0038649859641375368
chr17	10050000	10075000	chr17	10600000	10625000	3	0.0042065304282830375
chr17	10050000	10075000	chr17	10625000	10650000	2	0.002439161834279178
chr17	10050000	10075000	chr17	10650000	10675000	1	0.001320611656849229
chr17	10050000	10075000	chr17	10675000	10700000	5	0.007800293336873297
chr17	10050000	10075000	chr17	10700000	10725000	2	0.0026833434623718213
chr17	10050000	10075000	chr17	10800000	10825000	2	0.002340424952272962
chr17	10050000	10075000	chr17	10875000	10900000	1	0.0012272066382274251
chr17	10050000	10075000	chr17	10900000	10925000	1	0.0013342755606753453
chr17	10050000	10075000	chr17	10925000	10950000	1	0.0011233909178958302
chr17	10050000	10075000	chr17	10975000	11000000	1	0.0011976580500232992
chr17	10075000	10100000	chr17	10075000	10100000	113	0.12463544478194846
chr17	10075000	10100000	chr17	10100000	10125000	58	0.060169743642111244
chr17	10075000	10100000	chr17	10125000	10150000	24	0.02756980205396866
chr17	10075000	10100000	chr17	10150000	10175000	18	0.026665136582318727
chr17	10075000	10100000	chr17	10175000	10200000	26	0.027671743471253573
chr17	10075000	10100000	chr17	10200000	10225000	19	0.02210539628361265
chr17	10075000	10100000	chr17	10225000	10250000	18	0.020910300493767672
chr17	10075000	10100000	chr17	10250000	10275000	10	0.012732496970057341
chr17	10075000	10100000	chr17	10275000	10300000	10	0.010196250417978395
chr17	10075000	10100000	chr17	10300000	10325000	5	0.005246410511139754
chr17	10075000	10100000	chr17	10325000	10350000	4	0.004973639339572639
chr17	10075000	10100000	chr17	10350000	10375000	6	0.007093583526212413
chr17	10075000	10100000	chr17	10375000	10400000	4	0.004343424387040336
chr17	10075000	10100000	chr17	10400000	10425000	4	0.0045060030718805716
chr17	10075000	10100000	chr17	10425000	10450000	1	0.0010984848222008836
chr17	10075000	10100000	chr17	10450000	10475000	3	0.003298204304283581
chr17	10075000	10100000	chr17	10500000	10525000	2	0.0025664950106193524
chr17	10075000	10100000	chr17	10525000	10550000	5	0.006575993590877557
chr17	10075000	10100000	chr17	10550000	10575000	1	0.0010222820966126372
chr17	10075000	10100000	chr17	10575000	10600000	3	0.003422606547175653
chr17	10075000	10100000	chr17	10600000	10625000	3	0.003725058439623041
chr17	10075000	10100000	chr17	10625000	10650000	2	0.0021599797104276913
chr17	10075000	10100000	chr17	10650000	10675000	2	0.002338913592415734
chr17	10075000	10100000	chr17	10675000	10700000	6	0.008288982767562712
chr17	10075000	10100000	chr17	10700000	10725000	4	0.004752425487622269
chr17	10075000	10100000	chr17	10725000	10750000	1	0.0011653556711121323
chr17	10075000	10100000	chr17	10750000	10775000	1	0.00120397809372716
chr17	10075000	10100000	chr17	10775000	10800000	2	0.002294341038789955
chr17	10075000	10100000	chr17	10800000	10825000	1	0.0010362720381327695
chr17	10075000	10100000	chr17	10825000	10850000	3	0.0035803282530430707
chr17	10075000	10100000	chr17	10850000	10875000	3	0.0032882640883482523
chr17	10075000	10100000	chr17	10875000	10900000	2	0.002173485499666948
chr17	10075000	10100000	chr17	10900000	10925000	1	0.0011815567539125464
chr17	10075000	10100000	chr17	10925000	10950000	1	0.0009948095921445141
chr17	10075000	10100000	chr17	10950000	10975000	2	0.002293033519004767
chr17	10075000	10100000	chr17	10975000	11000000	1	0.0010605762404630303
chr17	10100000	10125000	chr17	10100000	10125000	109	0.10635641959398316
chr17	10100000	10125000	chr17	10125000	10150000	60	0.06482771285803193
chr17	10100000	10125000	chr17	10150000	10175000	35	0.04876703986994461
chr17	10100000	10125000	chr17	10175000	10200000	25	0.02502593007830068
chr17	10100000	10125000	chr17	10200000	10225000	31	0.03392293662276354
chr17	10100000	10125000	chr17	10225000	10250000	23	0.025130587873102125
chr17	10100000	10125000	chr17	10250000	10275000	14	0.016765969059840218
chr17	10100000	10125000	chr17	10275000	10300000	8	0.007672157738747535
chr17	10100000	10125000	chr17	10300000	10325000	11	0.010856053963226085
chr17	10100000	10125000	chr17	10325000	10350000	4	0.004678012012332357
chr17	10100000	10125000	chr17	10350000	10375000	2	0.0022239830622000772
chr17	10100000	10125000	chr17	10375000	10400000	4	0.004085256302275
chr17	10100000	10125000	chr17	10400000	10425000	2	0.0021190857497595554
chr17	10100000	10125000	chr17	10450000	10475000	2	0.0020681085889232196
chr17	10100000	10125000	chr17	10500000	10525000	1	0.0012069727687874544
chr17	10100000	10125000	chr17	10550000	10575000	3	0.002884556519747855
chr17	10100000	10125000	chr17	10575000	10600000	4	0.004292227735877828
chr17	10100000	10125000	chr17	10600000	10625000	11	0.01284669945634037
chr17	10100000	10125000	chr17	10625000	10650000	6	0.006094779099509331
chr17	10100000	10125000	chr17	10650000	10675000	4	0.004399782587399422
chr17	10100000	10125000	chr17	10675000	10700000	2	0.002598765096626816
chr17	10100000	10125000	chr17	10700000	10725000	1	0.0011174867134978927
chr17	10100000	10125000	chr17	10750000	10775000	2	0.0022648300773351277
chr17	10100000	10125000	chr17	10775000	10800000	2	0.002157968080727128
chr17	10100000	10125000	chr17	10800000	10825000	2	0.001949354471225398
chr17	10100000	10125000	chr17	10825000	10850000	1	0.0011225059044502111
chr17	10100000	10125000	chr17	10850000	10875000	2	0.002061875668201812
chr17	10100000	10125000	chr17	10950000	10975000	1	0.0010783691391972484
chr17	10100000	10125000	chr17	10975000	11000000	1	0.0009975368244748229
chr17	10125000	10150000	chr17	10125000	10150000	140	0.1674980378163604
chr17	10125000	10150000	chr17	10150000	10175000	71	0.10954408648168362
chr17	10125000	10150000	chr17	10175000	10200000	36	0.03990478337709405
chr17	10125000	10150000	chr17	10200000	10225000	38	0.04604554126174787
chr17	10125000	10150000	chr17	10225000	10250000	18	0.021778078344044348
chr17	10125000	10150000	chr17	10250000	10275000	9	0.011934806243012915
chr17	10125000	10150000	chr17	10275000	10300000	12	0.012743273994617839
chr17	10125000	10150000	chr17	10300000	10325000	4	0.004371309314112386
chr17	10125000	10150000	chr17	10325000	10350000	10	0.01295011365624775
chr17	10125000	10150000	chr17	10350000	10375000	2	0.0024626557904627038
chr17	10125000	10150000	chr17	10375000	10400000	3	0.0033927574334927752
chr17	10125000	10150000	chr17	10400000	10425000	2	0.002346501140602162
chr17	10125000	10150000	chr17	10425000	10450000	4	0.00457628784909422
chr17	10125000	10150000	chr17	10450000	10475000	2	0.0022900532285435324
chr17	10125000	10150000	chr17	10500000	10525000	2	0.0026730046001742645
chr17	10125000	10150000	chr17	10525000	10550000	2	0.0027395589777344334
chr17	10125000	10150000	chr17	10550000	10575000	7	0.0074529477553255015
chr17	10125000	10150000	chr17	10575000	10600000	1	0.0011882149270156196
chr17	10125000	10150000	chr17	10600000	10625000	7	0.009052513009222956
chr17	10125000	10150000	chr17	10625000	10650000	2	0.002249618907641277
chr17	10125000	10150000	chr17	10650000	10675000	2	0.002435978548981727
chr17	10125000	10150000	chr17	10675000	10700000	2	0.0028776585676553337
chr17	10125000	10150000	chr17	10700000	10725000	2	0.002474825615837486
chr17	10125000	10150000	chr17	10725000	10750000	1	0.001213717952629169
chr17	10125000	10150000	chr17	10750000	10775000	3	0.003761829619452611
chr17	10125000	10150000	chr17	10775000	10800000	1	0.0011947781167854624
chr17	10125000	10150000	chr17	10800000	10825000	1	0.0010792773465366687
chr17	10125000	10150000	chr17	10825000	10850000	2	0.0024859412937149397
chr17	10125000	10150000	chr17	10850000	10875000	2	0.0022831514051587423
chr17	10125000	10150000	chr17	10900000	10925000	3	0.0036917741419801617
chr17	10125000	10150000	chr17	10925000	10950000	1	0.0010360942082868353
chr17	10150000	10175000	chr17	10150000	10175000	95	0.18901797048272298
chr17	10150000	10175000	chr17	10175000	10200000	50	0.07147289316331844
chr17	10150000	10175000	chr17	10200000	10225000	20	0.03125236462726471
chr17	10150000	10175000	chr17	10225000	10250000	17	0.026524357529083158
chr17	10150000	10175000	chr17	10250000	10275000	4	0.006840404056593668
chr17	10150000	10175000	chr17	10275000	10300000	7	0.009586205089944965
chr17	10150000	10175000	chr17	10300000	10325000	12	0.016911483031498923
chr17	10150000	10175000	chr17	10325000	10350000	4	0.006680092442679237
chr17	10150000	10175000	chr17	10350000	10375000	3	0.004763694195510073
chr17	10150000	10175000	chr17	10375000	10400000	2	0.0029168255317955885
chr17	10150000	10175000	chr17	10400000	10425000	1	0.001513002602926232
chr17	10150000	10175000	chr17	10425000	10450000	1	0.001475374400551626
chr17	10150000	10175000	chr17	10500000	10525000	1	0.0017235290653468895
chr17	10150000	10175000	chr17	10525000	10550000	4	0.0070657708917515214
chr17	10150000	10175000	chr17	10550000	10575000	2	0.0027460531178986297
chr17	10150000	10175000	chr17	10575000	10600000	1	0.0015323003652570897
chr17	10150000	10175000	chr17	10600000	10625000	1	0.0016677080257292724
chr17	10150000	10175000	chr17	10625000	10650000	4	0.0058021352795590165
chr17	10150000	10175000	chr17	10650000	10675000	2	0.0031413936447829767
chr17	10150000	10175000	chr17	10700000	10725000	1	0.0015957450579332489
chr17	10150000	10175000	chr17	10725000	10750000	1	0.0015651886033816128
chr17	10150000	10175000	chr17	10750000	10775000	1	0.0016170623593606257
chr17	10150000	10175000	chr17	10800000	10825000	1	0.0013918164422202217
chr17	10150000	10175000	chr17	10900000	10925000	1	0.0015869482693704952
chr17	10175000	10200000	chr17	10175000	10200000	126	0.12939984932807566
chr17	10175000	10200000	chr17	10200000	10225000	65	0.0729723128127788
chr17	10175000	10200000	chr17	10225000	10250000	25	0.028023851829713415
chr17	10175000	10200000	chr17	10250000	10275000	11	0.013514697123796389
chr17	10175000	10200000	chr17	10275000	10300000	10	0.00983876400687862
chr17	10175000	10200000	chr17	10300000	10325000	13	0.013162417677519049
chr17	10175000	10200000	chr17	10325000	10350000	8	0.009598521360577771
chr17	10175000	10200000	chr17	10350000	10375000	1	0.0011408130671647992
chr17	10175000	10200000	chr17	10375000	10400000	3	0.003143356070173204
chr17	10175000	10200000	chr17	10400000	10425000	2	0.0021740100047137247
chr17	10175000	10200000	chr17	10425000	10450000	2	0.0021199426235581523
chr17	10175000	10200000	chr17	10450000	10475000	1	0.0010608557873751964
chr17	10175000	10200000	chr17	10475000	10500000	3	0.0036474528268992763
chr17	10175000	10200000	chr17	10500000	10525000	3	0.003714768326471003
chr17	10175000	10200000	chr17	10525000	10550000	2	0.002538174187535051
chr17	10175000	10200000	chr17	10550000	10575000	4	0.0039457611905232195
chr17	10175000	10200000	chr17	10575000	10600000	5	0.005504346651242716
chr17	10175000	10200000	chr17	10600000	10625000	8	0.00958521532181021
chr17	10175000	10200000	chr17	10625000	10650000	5	0.005210623944924059
chr17	10175000	10200000	chr17	10650000	10675000	3	0.0033853649025258553
chr17	10175000	10200000	chr17	10675000	10700000	5	0.0066653052154786365
chr17	10175000	10200000	chr17	10700000	10725000	3	0.003439352035029356
chr17	10175000	10200000	chr17	10725000	10750000	4	0.004497990520881387
chr17	10175000	10200000	chr17	10750000	10775000	1	0.0011617659284580172
chr17	10175000	10200000	chr17	10775000	10800000	1	0.0011069500603941983
chr17	10175000	10200000	chr17	10800000	10825000	3	0.0029998192312356694
chr17	10175000	10200000	chr17	10825000	10850000	2	0.0023031999218548686
chr17	10175000	10200000	chr17	10875000	10900000	3	0.0031459227696913955
chr17	10175000	10200000	chr17	10950000	10975000	1	0.0011063192216999023
chr17	10175000	10200000	chr17	10975000	11000000	1	0.0010233918267463658
chr17	10200000	10225000	chr17	10200000	10225000	99	0.12149585961446155
chr17	10200000	10225000	chr17	10225000	10250000	27	0.03308515034968181
chr17	10200000	10225000	chr17	10250000	10275000	24	0.03223342116632105
chr17	10200000	10225000	chr17	10275000	10300000	15	0.01613293305767495
chr17	10200000	10225000	chr17	10300000	10325000	11	0.01217493159538537
chr17	10200000	10225000	chr17	10325000	10350000	7	0.009181083087792766
chr17	10200000	10225000	chr17	10350000	10375000	7	0.00872959420628868
chr17	10200000	10225000	chr17	10375000	10400000	4	0.004581564922051529
chr17	10200000	10225000	chr17	10400000	10425000	3	0.0035647930825702563
chr17	10200000	10225000	chr17	10425000	10450000	2	0.002317424723136934
chr17	10200000	10225000	chr17	10450000	10475000	1	0.0011596792300066418
chr17	10200000	10225000	chr17	10475000	10500000	1	0.0013290764356230411
chr17	10200000	10225000	chr17	10500000	10525000	6	0.008121631090223484
chr17	10200000	10225000	chr17	10525000	10550000	2	0.002774616420490296
chr17	10200000	10225000	chr17	10550000	10575000	1	0.0010783316058768206
chr17	10200000	10225000	chr17	10575000	10600000	3	0.0036102606379684278
chr17	10200000	10225000	chr17	10600000	10625000	7	0.009168355726681073
chr17	10200000	10225000	chr17	10625000	10650000	4	0.004556813422683685
chr17	10200000	10225000	chr17	10675000	10700000	6	0.008743449707716127
chr17	10200000	10225000	chr17	10700000	10725000	2	0.002506495332774814
chr17	10200000	10225000	chr17	10750000	10775000	4	0.005079958401115454
chr17	10200000	10225000	chr17	10775000	10800000	3	0.0036302021697122632
chr17	10200000	10225000	chr17	10800000	10825000	1	0.001093088585535874
chr17	10200000	10225000	chr17	10825000	10850000	2	0.0025177532551682825
chr17	10200000	10225000	chr17	10850000	10875000	2	0.0023123683157417413
chr17	10200000	10225000	chr17	10875000	10900000	2	0.0022926529937009475
chr17	10200000	10225000	chr17	10900000	10925000	1	0.0012463389470508401
chr17	10200000	10225000	chr17	10925000	10950000	1	0.0010493528435970832
chr17	10200000	10225000	chr17	10950000	10975000	1	0.001209377785775076
chr17	10200000	10225000	chr17	10975000	11000000	1	0.001118725334545943
chr17	10225000	10250000	chr17	10225000	10250000	107	0.13091704406939722
chr17	10225000	10250000	chr17	10250000	10275000	41	0.05498219612624467
chr17	10225000	10250000	chr17	10275000	10300000	29	0.031143192877109788
chr17	10225000	10250000	chr17	10300000	10325000	18	0.019892502194328456
chr17	10225000	10250000	chr17	10325000	10350000	9	0.011786407495440309
chr17	10225000	10250000	chr17	10350000	10375000	9	0.011206799198011529
chr17	10225000	10250000	chr17	10375000	10400000	4	0.004574639861262302
chr17	10225000	10250000	chr17	10400000	10425000	6	0.0071188097561109285
chr17	10225000	10250000	chr17	10425000	10450000	3	0.003470882884223071
chr17	10225000	10250000	chr17	10450000	10475000	2	0.0023158527368377173
chr17	10225000	10250000	chr17	10475000	10500000	2	0.00265413505843897
chr17	10225000	10250000	chr17	10500000	10525000	3	0.004054677599893857
chr17	10225000	10250000	chr17	10525000	10550000	5	0.0069260564309564735
chr17	10225000	10250000	chr17	10550000	10575000	7	0.007536911911718468
chr17	10225000	10250000	chr17	10575000	10600000	5	0.006008006181652477
chr17	10225000	10250000	chr17	10600000	10625000	4	0.005231141546372641
chr17	10225000	10250000	chr17	10625000	10650000	4	0.004549925773923026
chr17	10225000	10250000	chr17	10650000	10675000	7	0.008621977130172733
chr17	10225000	10250000	chr17	10675000	10700000	3	0.004365116967495693
chr17	10225000	10250000	chr17	10725000	10750000	4	0.004909566305815499
chr17	10225000	10250000	chr17	10750000	10775000	3	0.0038042100118638846
chr17	10225000	10250000	chr17	10800000	10825000	5	0.005457181880382613
chr17	10225000	10250000	chr17	10825000	10850000	5	0.0062848691428988345
chr17	10225000	10250000	chr17	10850000	10875000	4	0.004617746316416018
chr17	10225000	10250000	chr17	10875000	10900000	1	0.001144593817992911
chr17	10225000	10250000	chr17	10900000	10925000	1	0.0012444550988201263
chr17	10225000	10250000	chr17	10925000	10950000	2	0.002095533481908465
chr17	10225000	10250000	chr17	10950000	10975000	2	0.002415099609089238
chr17	10225000	10250000	chr17	10975000	11000000	3	0.0033511031249948415
chr17	10250000	10275000	chr17	10250000	10275000	63	0.09259863569940098
chr17	10250000	10275000	chr17	10275000	10300000	43	0.05061268833139272
chr17	10250000	10275000	chr17	10300000	10325000	24	0.029070597889299967
chr17	10250000	10275000	chr17	10325000	10350000	9	0.012918356480955889
chr17	10250000	10275000	chr17	10350000	10375000	4	0.0054591482078510285
chr17	10250000	10275000	chr17	10375000	10400000	5	0.006267476807780404
chr17	10250000	10275000	chr17	10400000	10425000	4	0.0052016597471918145
chr17	10250000	10275000	chr17	10425000	10450000	7	0.008876516358234866
chr17	10250000	10275000	chr17	10450000	10475000	5	0.006345659443609229
chr17	10250000	10275000	chr17	10475000	10500000	5	0.007272585570875095
chr17	10250000	10275000	chr17	10500000	10525000	5	0.007406804642132491
chr17	10250000	10275000	chr17	10525000	10550000	6	0.009109469464746719
chr17	10250000	10275000	chr17	10550000	10575000	11	0.012981171788251995
chr17	10250000	10275000	chr17	10575000	10600000	8	0.010536009806129499
chr17	10250000	10275000	chr17	10600000	10625000	10	0.01433383143348042
chr17	10250000	10275000	chr17	10625000	10650000	4	0.0049868938548209415
chr17	10250000	10275000	chr17	10650000	10675000	4	0.005400010826335799
chr17	10250000	10275000	chr17	10675000	10700000	5	0.007973893810729804
chr17	10250000	10275000	chr17	10725000	10750000	2	0.00269053686332966
chr17	10250000	10275000	chr17	10750000	10775000	2	0.0027797071092663874
chr17	10250000	10275000	chr17	10775000	10800000	1	0.0013242757758288846
chr17	10250000	10275000	chr17	10800000	10825000	2	0.0023925125934927526
chr17	10250000	10275000	chr17	10850000	10875000	1	0.001265306945249447
chr17	10250000	10275000	chr17	10925000	10950000	3	0.003445178085121982
chr17	10250000	10275000	chr17	10950000	10975000	2	0.002647042171187589
chr17	10250000	10275000	chr17	10975000	11000000	2	0.0024486253785628975
chr17	10275000	10300000	chr17	10275000	10300000	100	0.09425792215677625
chr17	10275000	10300000	chr17	10300000	10325000	43	0.04170979827182528
chr17	10275000	10300000	chr17	10325000	10350000	18	0.020690175380100206
chr17	10275000	10300000	chr17	10350000	10375000	15	0.01639392954314298
chr17	10275000	10300000	chr17	10375000	10400000	9	0.009034250996352959
chr17	10275000	10300000	chr17	10400000	10425000	13	0.013537928409697711
chr17	10275000	10300000	chr17	10425000	10450000	11	0.011170281415090438
chr17	10275000	10300000	chr17	10450000	10475000	5	0.005081637396530069
chr17	10275000	10300000	chr17	10475000	10500000	7	0.008153494587721771
chr17	10275000	10300000	chr17	10500000	10525000	8	0.00949025286786463
chr17	10275000	10300000	chr17	10525000	10550000	4	0.004863273980791786
chr17	10275000	10300000	chr17	10550000	10575000	2	0.0018900710032558193
chr17	10275000	10300000	chr17	10575000	10600000	10	0.010546614957204326
chr17	10275000	10300000	chr17	10600000	10625000	14	0.01607005044839039
chr17	10275000	10300000	chr17	10625000	10650000	10	0.009983826949106853
chr17	10275000	10300000	chr17	10650000	10675000	5	0.00540544627406912
chr17	10275000	10300000	chr17	10675000	10700000	2	0.002554214410316187
chr17	10275000	10300000	chr17	10700000	10725000	4	0.004393318458306311
chr17	10275000	10300000	chr17	10725000	10750000	5	0.005386490113020577
chr17	10275000	10300000	chr17	10750000	10775000	3	0.0033390060694340716
chr17	10275000	10300000	chr17	10775000	10800000	3	0.0031814609808039377
chr17	10275000	10300000	chr17	10800000	10825000	6	0.005747809935974216
chr17	10275000	10300000	chr17	10825000	10850000	3	0.0033097882842892286
chr17	10275000	10300000	chr17	10850000	10875000	1	0.0010132644444927398
chr17	10275000	10300000	chr17	10875000	10900000	3	0.003013875963784561
chr17	10275000	10300000	chr17	10900000	10925000	3	0.0032768247140457204
chr17	10275000	10300000	chr17	10925000	10950000	1	0.0009196388991372321
chr17	10275000	10300000	chr17	10950000	10975000	3	0.0031796479010970085
chr17	10275000	10300000	chr17	10975000	11000000	2	0.0019608720581955116
chr17	10300000	10325000	chr17	10300000	10325000	114	0.11379580623949753
chr17	10300000	10325000	chr17	10325000	10350000	39	0.046132612115302805
chr17	10300000	10325000	chr17	10350000	10375000	20	0.02249435645411381
chr17	10300000	10325000	chr17	10375000	10400000	14	0.014462036407151622
chr17	10300000	10325000	chr17	10400000	10425000	12	0.01286002695490928
chr17	10300000	10325000	chr17	10425000	10450000	5	0.005225083145644049
chr17	10300000	10325000	chr17	10450000	10475000	11	0.011504774886400386
chr17	10300000	10325000	chr17	10475000	10500000	7	0.008390649102167868
chr17	10300000	10325000	chr17	10500000	10525000	4	0.00488314432838449
chr17	10300000	10325000	chr17	10525000	10550000	4	0.005004728343350611
chr17	10300000	10325000	chr17	10550000	10575000	7	0.0068076612286396675
chr17	10300000	10325000	chr17	10575000	10600000	9	0.009768038714265318
chr17	10300000	10325000	chr17	10600000	10625000	22	0.025987449431734286
chr17	10300000	10325000	chr17	10625000	10650000	14	0.01438390653426333
chr17	10300000	10325000	chr17	10650000	10675000	6	0.006675204469205308
chr17	10300000	10325000	chr17	10675000	10700000	9	0.011828281086274
chr17	10300000	10325000	chr17	10700000	10725000	4	0.004521103580940191
chr17	10300000	10325000	chr17	10725000	10750000	3	0.0033258977198841167
chr17	10300000	10325000	chr17	10750000	10775000	5	0.005726875345126981
chr17	10300000	10325000	chr17	10775000	10800000	1	0.001091332574638755
chr17	10300000	10325000	chr17	10800000	10825000	5	0.0049291601042800335
chr17	10300000	10325000	chr17	10825000	10850000	5	0.005676762643950136
chr17	10300000	10325000	chr17	10850000	10875000	6	0.0062564189943128835
chr17	10300000	10325000	chr17	10875000	10900000	6	0.006203076577166222
chr17	10300000	10325000	chr17	10900000	10925000	2	0.0022480901531696643
chr17	10300000	10325000	chr17	10925000	10950000	2	0.0018927754769064121
chr17	10300000	10325000	chr17	10950000	10975000	1	0.0010907106361782405
chr17	10325000	10350000	chr17	10325000	10350000	61	0.08550574728829699
chr17	10325000	10350000	chr17	10350000	10375000	34	0.04531526533705629
chr17	10325000	10350000	chr17	10375000	10400000	17	0.020810013850143548
chr17	10325000	10350000	chr17	10400000	10425000	10	0.012699384305050892
chr17	10325000	10350000	chr17	10425000	10450000	14	0.01733697288972462
chr17	10325000	10350000	chr17	10450000	10475000	5	0.00619694265753345
chr17	10325000	10350000	chr17	10475000	10500000	7	0.009943003499840956
chr17	10325000	10350000	chr17	10500000	10525000	5	0.007233218872007613
chr17	10325000	10350000	chr17	10525000	10550000	7	0.01037864340989484
chr17	10325000	10350000	chr17	10550000	10575000	9	0.01037204609527707
chr17	10325000	10350000	chr17	10575000	10600000	20	0.02572272006873526
chr17	10325000	10350000	chr17	10600000	10625000	20	0.027995807920478948
chr17	10325000	10350000	chr17	10625000	10650000	12	0.014610063240308856
chr17	10325000	10350000	chr17	10650000	10675000	3	0.003955092186033266
chr17	10325000	10350000	chr17	10675000	10700000	3	0.004672210648062923
chr17	10325000	10350000	chr17	10700000	10725000	2	0.002678776586951856
chr17	10325000	10350000	chr17	10725000	10750000	3	0.003941222218478517
chr17	10325000	10350000	chr17	10750000	10775000	6	0.008143685796852844
chr17	10325000	10350000	chr17	10775000	10800000	4	0.005172960268983245
chr17	10325000	10350000	chr17	10800000	10825000	5	0.005841104254433669
chr17	10325000	10350000	chr17	10825000	10850000	5	0.006727020776256667
chr17	10325000	10350000	chr17	10850000	10875000	3	0.0037069596880682345
chr17	10325000	10350000	chr17	10900000	10925000	6	0.007992028264588757
chr17	10325000	10350000	chr17	10925000	10950000	2	0.0022429579597639413
chr17	10325000	10350000	chr17	10950000	10975000	1	0.0012925030639205283
chr17	10325000	10350000	chr17	10975000	11000000	2	0.0023912394283965668
chr17	10350000	10375000	chr17	10350000	10375000	90	0.11405340568340326
chr17	10350000	10375000	chr17	10375000	10400000	47	0.054704297356590256
chr17	10350000	10375000	chr17	10400000	10425000	23	0.027772222771894423
chr17	10350000	10375000	chr17	10425000	10450000	11	0.012952036448210427
chr17	10350000	10375000	chr17	10450000	10475000	15	0.017676605538567012
chr17	10350000	10375000	chr17	10475000	10500000	10	0.013505780607383184
chr17	10350000	10375000	chr17	10500000	10525000	8	0.011004029037375962
chr17	10350000	10375000	chr17	10525000	10550000	9	0.012687767112692924
chr17	10350000	10375000	chr17	10550000	10575000	9	0.009861990424754729
chr17	10350000	10375000	chr17	10575000	10600000	11	0.01345177886575477
chr17	10350000	10375000	chr17	10600000	10625000	14	0.018633360378096393
chr17	10350000	10375000	chr17	10625000	10650000	3	0.0034728997166382633
chr17	10350000	10375000	chr17	10650000	10675000	5	0.0062676609978692885
chr17	10350000	10375000	chr17	10675000	10700000	5	0.007404083413303091
chr17	10350000	10375000	chr17	10700000	10725000	3	0.003820567630711631
chr17	10350000	10375000	chr17	10725000	10750000	2	0.0024982724670666776
chr17	10350000	10375000	chr17	10750000	10775000	4	0.005162141305133901
chr17	10350000	10375000	chr17	10775000	10800000	2	0.0024592874044196303
chr17	10350000	10375000	chr17	10800000	10825000	3	0.003332317290034959
chr17	10350000	10375000	chr17	10825000	10850000	6	0.007675455416201234
chr17	10350000	10375000	chr17	10850000	10875000	2	0.0023497775085623306
chr17	10350000	10375000	chr17	10900000	10925000	5	0.006332510279371097
chr17	10350000	10375000	chr17	10925000	10950000	1	0.0010663291369478094
chr17	10350000	10375000	chr17	10950000	10975000	1	0.001228942941755206
chr17	10375000	10400000	chr17	10375000	10400000	90	0.0962108238019886
chr17	10375000	10400000	chr17	10400000	10425000	44	0.04879702197728262
chr17	10375000	10400000	chr17	10425000	10450000	17	0.01838451307258404
chr17	10375000	10400000	chr17	10450000	10475000	19	0.02056454240031597
chr17	10375000	10400000	chr17	10475000	10500000	15	0.018606675658157035
chr17	10375000	10400000	chr17	10500000	10525000	14	0.017686732768785306
chr17	10375000	10400000	chr17	10525000	10550000	16	0.0207166967690245
chr17	10375000	10400000	chr17	10550000	10575000	15	0.015096322457243773
chr17	10375000	10400000	chr17	10575000	10600000	12	0.01347802066289228
chr17	10375000	10400000	chr17	10600000	10625000	4	0.004889686065059697
chr17	10375000	10400000	chr17	10625000	10650000	6	0.00637940355558749
chr17	10375000	10400000	chr17	10650000	10675000	3	0.0034539383901699716
chr17	10375000	10400000	chr17	10675000	10700000	7	0.009520443414614258
chr17	10375000	10400000	chr17	10700000	10725000	2	0.0023393460524218693
chr17	10375000	10400000	chr17	10725000	10750000	1	0.0011472753001531273
chr17	10375000	10400000	chr17	10750000	10775000	2	0.0023705969998677034
chr17	10375000	10400000	chr17	10775000	10800000	1	0.0011293722891567344
chr17	10375000	10400000	chr17	10800000	10825000	5	0.005100971930974836
chr17	10375000	10400000	chr17	10825000	10850000	2	0.002349853223915573
chr17	10375000	10400000	chr17	10850000	10875000	2	0.002158164677365405
chr17	10375000	10400000	chr17	10900000	10925000	1	0.001163225024853838
chr17	10375000	10400000	chr17	10950000	10975000	2	0.002257457344560553
chr17	10375000	10400000	chr17	10975000	11000000	1	0.0010441215113762626
chr17	10400000	10425000	chr17	10400000	10425000	88	0.10124708586355197
chr17	10400000	10425000	chr17	10425000	10450000	45	0.05048646257665264
chr17	10400000	10425000	chr17	10450000	10475000	13	0.014597148272342014
chr17	10400000	10425000	chr17	10475000	10500000	8	0.01029500906222636
chr17	10400000	10425000	chr17	10500000	10525000	10	0.013106260519344926
chr17	10400000	10425000	chr17	10525000	10550000	7	0.009402812687853156
chr17	10400000	10425000	chr17	10550000	10575000	15	0.015661392787084425
chr17	10400000	10425000	chr17	10575000	10600000	8	0.00932167756713975
chr17	10400000	10425000	chr17	10600000	10625000	9	0.011413601699783319
chr17	10400000	10425000	chr17	10625000	10650000	4	0.004412127307355705
chr17	10400000	10425000	chr17	10650000	10675000	1	0.0011944075771664934
chr17	10400000	10425000	chr17	10675000	10700000	2	0.002821943731107455
chr17	10400000	10425000	chr17	10700000	10725000	1	0.0012134550482629067
chr17	10400000	10425000	chr17	10725000	10750000	2	0.002380437906186434
chr17	10400000	10425000	chr17	10750000	10775000	4	0.004918661595890487
chr17	10400000	10425000	chr17	10775000	10800000	2	0.0023432916292597033
chr17	10400000	10425000	chr17	10800000	10825000	5	0.005291906372108264
chr17	10400000	10425000	chr17	10825000	10850000	7	0.008532336966562224
chr17	10400000	10425000	chr17	10850000	10875000	4	0.004477893845624967
chr17	10400000	10425000	chr17	10875000	10900000	2	0.002219857593783456
chr17	10400000	10425000	chr17	10900000	10925000	2	0.002413531383633166
chr17	10400000	10425000	chr17	10925000	10950000	2	0.0020320684244997398
chr17	10400000	10425000	chr17	10975000	11000000	3	0.0032496120469249915
chr17	10425000	10450000	chr17	10425000	10450000	93	0.10174379800775583
chr17	10425000	10450000	chr17	10450000	10475000	59	0.06460100096958656
chr17	10425000	10450000	chr17	10475000	10500000	16	0.020077946719297652
chr17	10425000	10450000	chr17	10500000	10525000	24	0.03067274235188304
chr17	10425000	10450000	chr17	10525000	10550000	11	0.014408374840306722
chr17	10425000	10450000	chr17	10550000	10575000	13	0.013235642968257015
chr17	10425000	10450000	chr17	10575000	10600000	4	0.0045449242539818985
chr17	10425000	10450000	chr17	10600000	10625000	8	0.0098931082006569
chr17	10425000	10450000	chr17	10625000	10650000	5	0.005377997754810178
chr17	10425000	10450000	chr17	10650000	10675000	6	0.006988216780730494
chr17	10425000	10450000	chr17	10675000	10700000	4	0.005503524623977229
chr17	10425000	10450000	chr17	10700000	10725000	4	0.004733106237794142
chr17	10425000	10450000	chr17	10750000	10775000	3	0.003597251281748314
chr17	10425000	10450000	chr17	10775000	10800000	3	0.0034275213500791703
chr17	10425000	10450000	chr17	10800000	10825000	2	0.0020641189053936413
chr17	10425000	10450000	chr17	10825000	10850000	2	0.0023771824909147197
chr17	10425000	10450000	chr17	10850000	10875000	3	0.003274896851852043
chr17	10425000	10450000	chr17	10875000	10900000	1	0.0010823249941553218
chr17	10425000	10450000	chr17	10900000	10925000	2	0.0023535071330699703
chr17	10425000	10450000	chr17	10925000	10950000	5	0.004953827785685515
chr17	10425000	10450000	chr17	10975000	11000000	3	0.0031687945655114362
chr17	10450000	10475000	chr17	10450000	10475000	89	0.09753028224962308
chr17	10450000	10475000	chr17	10475000	10500000	27	0.033909806977508505
chr17	10450000	10475000	chr17	10500000	10525000	12	0.015349168358174117
chr17	10450000	10475000	chr17	10525000	10550000	14	0.01835323339982047
chr17	10450000	10475000	chr17	10550000	10575000	7	0.007132831586703903
chr17	10450000	10475000	chr17	10575000	10600000	13	0.014783329246203618
chr17	10450000	10475000	chr17	10600000	10625000	14	0.017327385848128346
chr17	10450000	10475000	chr17	10625000	10650000	4	0.004305988269139351
chr17	10450000	10475000	chr17	10650000	10675000	2	0.002331349327693113
chr17	10450000	10475000	chr17	10675000	10700000	3	0.004131087712064197
chr17	10450000	10475000	chr17	10700000	10725000	2	0.0023685278501537816
chr17	10450000	10475000	chr17	10725000	10750000	3	0.003484760406515756
chr17	10450000	10475000	chr17	10775000	10800000	4	0.004573841851726628
chr17	10450000	10475000	chr17	10800000	10825000	7	0.007230444463914205
chr17	10450000	10475000	chr17	10825000	10850000	2	0.002379166091675772
chr17	10450000	10475000	chr17	10850000	10875000	2	0.002185086357046713
chr17	10450000	10475000	chr17	10900000	10925000	3	0.003533206467478146
chr17	10450000	10475000	chr17	10925000	10950000	3	0.0029747768553946663
chr17	10450000	10475000	chr17	10950000	10975000	1	0.0011428088173595359
chr17	10450000	10475000	chr17	10975000	11000000	1	0.0010571462379749528
chr17	10475000	10500000	chr17	10475000	10500000	73	0.1050742969315306
chr17	10475000	10500000	chr17	10500000	10525000	38	0.05570565426264762
chr17	10475000	10500000	chr17	10525000	10550000	19	0.02854632671336545
chr17	10475000	10500000	chr17	10550000	10575000	15	0.017517304051215158
chr17	10475000	10500000	chr17	10575000	10600000	13	0.016942766614069335
chr17	10475000	10500000	chr17	10600000	10625000	4	0.005673839954017445
chr17	10475000	10500000	chr17	10625000	10650000	2	0.00246748729842716
chr17	10475000	10500000	chr17	10650000	10675000	4	0.0053437905490896645
chr17	10475000	10500000	chr17	10700000	10725000	4	0.005429009110973321
chr17	10475000	10500000	chr17	10725000	10750000	2	0.0026625253031195154
chr17	10475000	10500000	chr17	10750000	10775000	1	0.0013753835925005393
chr17	10475000	10500000	chr17	10775000	10800000	1	0.001310488553235859
chr17	10475000	10500000	chr17	10800000	10825000	2	0.002367603806150135
chr17	10475000	10500000	chr17	10825000	10850000	1	0.00136334837559414
chr17	10475000	10500000	chr17	10850000	10875000	5	0.006260668277501935
chr17	10475000	10500000	chr17	10875000	10900000	1	0.0012414579261677144
chr17	10475000	10500000	chr17	10900000	10925000	2	0.002699540434176346
chr17	10475000	10500000	chr17	10925000	10950000	2	0.0022728732322064714
chr17	10475000	10500000	chr17	10950000	10975000	1	0.0013097417201876555
chr17	10475000	10500000	chr17	10975000	11000000	1	0.0012115661965352352
chr17	10500000	10525000	chr17	10500000	10525000	61	0.09107256490266896
chr17	10500000	10525000	chr17	10525000	10550000	32	0.04896532703813975
chr17	10500000	10525000	chr17	10550000	10575000	22	0.026166205030238778
chr17	10500000	10525000	chr17	10575000	10600000	7	0.009291398058056196
chr17	10500000	10525000	chr17	10600000	10625000	4	0.005778553404504861
chr17	10500000	10525000	chr17	10625000	10650000	1	0.0012565129827818659
chr17	10500000	10525000	chr17	10650000	10675000	4	0.005442412778763417
chr17	10500000	10525000	chr17	10675000	10700000	4	0.00642920512090392
chr17	10500000	10525000	chr17	10700000	10725000	3	0.004146903067704112
chr17	10500000	10525000	chr17	10725000	10750000	5	0.006779158726546232
chr17	10500000	10525000	chr17	10750000	10775000	1	0.0014007669594762915
chr17	10500000	10525000	chr17	10775000	10800000	4	0.0053386970039602495
chr17	10500000	10525000	chr17	10800000	10825000	3	0.003616948612956628
chr17	10500000	10525000	chr17	10825000	10850000	1	0.001388509626842299
chr17	10500000	10525000	chr17	10850000	10875000	5	0.006376211927482781
chr17	10500000	10525000	chr17	10875000	10900000	1	0.00126436963043458
chr17	10500000	10525000	chr17	10900000	10925000	1	0.0013746808768779993
chr17	10500000	10525000	chr17	10925000	10950000	2	0.002314820202969421
chr17	10500000	10525000	chr17	10950000	10975000	2	0.0026678272695561337
chr17	10500000	10525000	chr17	10975000	11000000	3	0.0037017787035821094
chr17	10525000	10550000	chr17	10525000	10550000	75	0.11761992356515648
chr17	10525000	10550000	chr17	10550000	10575000	41	0.049978459341654895
chr17	10525000	10550000	chr17	10575000	10600000	18	0.02448705065837404
chr17	10525000	10550000	chr17	10600000	10625000	11	0.016286687873878714
chr17	10525000	10550000	chr17	10625000	10650000	4	0.005151194161649426
chr17	10525000	10550000	chr17	10650000	10675000	4	0.005577921859029307
chr17	10525000	10550000	chr17	10700000	10725000	2	0.002833437081298603
chr17	10525000	10550000	chr17	10725000	10750000	2	0.0027791804248426173
chr17	10525000	10550000	chr17	10775000	10800000	4	0.005471623694792637
chr17	10525000	10550000	chr17	10800000	10825000	1	0.0012356686608998525
chr17	10525000	10550000	chr17	10825000	10850000	2	0.002846163462373776
chr17	10525000	10550000	chr17	10850000	10875000	2	0.002613988562344265
chr17	10525000	10550000	chr17	10875000	10900000	1	0.0012958508084894432
chr17	10525000	10550000	chr17	10925000	10950000	3	0.003558684374396037
chr17	10525000	10550000	chr17	10950000	10975000	1	0.0013671263691204952
chr17	10525000	10550000	chr17	10975000	11000000	5	0.006323247055843293
chr17	10550000	10575000	chr17	10550000	10575000	86	0.08148484369859436
chr17	10550000	10575000	chr17	10575000	10600000	44	0.04652603351038595
chr17	10550000	10575000	chr17	10600000	10625000	13	0.014961075639916563
chr17	10550000	10575000	chr17	10625000	10650000	9	0.009008859546033851
chr17	10550000	10575000	chr17	10650000	10675000	6	0.006503438880362018
chr17	10550000	10575000	chr17	10675000	10700000	4	0.0051217409450285915
chr17	10550000	10575000	chr17	10725000	10750000	1	0.0010801053682268603
chr17	10550000	10575000	chr17	10750000	10775000	2	0.0022318048206196417
chr17	10550000	10575000	chr17	10775000	10800000	4	0.004253002124536401
chr17	10550000	10575000	chr17	10800000	10825000	2	0.001920929410782255
chr17	10550000	10575000	chr17	10825000	10850000	5	0.005530688844599123
chr17	10550000	10575000	chr17	10850000	10875000	4	0.004063619696560779
chr17	10550000	10575000	chr17	10875000	10900000	2	0.0020144865761996373
chr17	10550000	10575000	chr17	10900000	10925000	4	0.004380485115064398
chr17	10550000	10575000	chr17	10925000	10950000	2	0.001844070797396022
chr17	10550000	10575000	chr17	10950000	10975000	1	0.0010626445963220713
chr17	10550000	10575000	chr17	10975000	11000000	5	0.004914954803647046
chr17	10575000	10600000	chr17	10575000	10600000	93	0.109746648976181
chr17	10575000	10600000	chr17	10600000	10625000	23	0.02954012096740598
chr17	10575000	10600000	chr17	10625000	10650000	11	0.012288106277380126
chr17	10575000	10600000	chr17	10650000	10675000	6	0.00725785069986672
chr17	10575000	10600000	chr17	10675000	10700000	4	0.0057158730613522035
chr17	10575000	10600000	chr17	10700000	10725000	10	0.012289321975257481
chr17	10575000	10600000	chr17	10725000	10750000	2	0.002410799469919441
chr17	10575000	10600000	chr17	10750000	10775000	4	0.004981397219926977
chr17	10575000	10600000	chr17	10775000	10800000	2	0.0023731794066144045
chr17	10575000	10600000	chr17	10800000	10825000	8	0.008575044141978298
chr17	10575000	10600000	chr17	10825000	10850000	5	0.0061722597290380515
chr17	10575000	10600000	chr17	10850000	10875000	5	0.005668759559602811
chr17	10575000	10600000	chr17	10875000	10900000	1	0.0011240855089060797
chr17	10575000	10600000	chr17	10900000	10925000	2	0.002444315041856449
chr17	10575000	10600000	chr17	10925000	10950000	2	0.0020579866703905225
chr17	10575000	10600000	chr17	10950000	10975000	4	0.004743653915416769
chr17	10575000	10600000	chr17	10975000	11000000	5	0.00548509931709811
chr17	10600000	10625000	chr17	10600000	10625000	74	0.10344089435206584
chr17	10600000	10625000	chr17	10625000	10650000	33	0.04012197723981376
chr17	10600000	10625000	chr17	10650000	10675000	12	0.015798437612043168
chr17	10600000	10625000	chr17	10675000	10700000	6	0.009331467505916308
chr17	10600000	10625000	chr17	10700000	10725000	7	0.009362720878702234
chr17	10600000	10625000	chr17	10725000	10750000	5	0.006559597771377489
chr17	10600000	10625000	chr17	10750000	10775000	5	0.006776997114420081
chr17	10600000	10625000	chr17	10775000	10800000	6	0.007748683807646758
chr17	10600000	10625000	chr17	10800000	10825000	9	0.010499412545614513
chr17	10600000	10625000	chr17	10825000	10850000	6	0.008061234457991107
chr17	10600000	10625000	chr17	10850000	10875000	10	0.012339402936699004
chr17	10600000	10625000	chr17	10875000	10900000	8	0.009787357451913753
chr17	10600000	10625000	chr17	10925000	10950000	1	0.0011199243193022064
chr17	10600000	10625000	chr17	10950000	10975000	1	0.001290711319626834
chr17	10600000	10625000	chr17	10975000	11000000	2	0.00238792455068348
chr17	10625000	10650000	chr17	10625000	10650000	95	0.10046154037294264
chr17	10625000	10650000	chr17	10650000	10675000	27	0.03091750914087514
chr17	10625000	10650000	chr17	10675000	10700000	22	0.02975974590571473
chr17	10625000	10650000	chr17	10700000	10725000	11	0.012796893682263085
chr17	10625000	10650000	chr17	10725000	10750000	14	0.015975081455081468
chr17	10625000	10650000	chr17	10750000	10775000	17	0.020041215503159755
chr17	10625000	10650000	chr17	10775000	10800000	8	0.00898616764183184
chr17	10625000	10650000	chr17	10800000	10825000	8	0.008117463009871517
chr17	10625000	10650000	chr17	10825000	10850000	18	0.021034425146926085
chr17	10625000	10650000	chr17	10850000	10875000	12	0.012879032301186116
chr17	10625000	10650000	chr17	10875000	10900000	8	0.008512816855422127
chr17	10625000	10650000	chr17	10900000	10925000	6	0.0069416448270893895
chr17	10625000	10650000	chr17	10925000	10950000	10	0.009740842376497466
chr17	10625000	10650000	chr17	10950000	10975000	2	0.002245261630871571
chr17	10625000	10650000	chr17	10975000	11000000	2	0.002076961474474384
chr17	10650000	10675000	chr17	10650000	10675000	97	0.12027544546144979
chr17	10650000	10675000	chr17	10675000	10700000	45	0.06591489397574339
chr17	10650000	10675000	chr17	10700000	10725000	23	0.028973717327987213
chr17	10650000	10675000	chr17	10725000	10750000	21	0.025947698703966172
chr17	10650000	10675000	chr17	10750000	10775000	12	0.01531866394177164
chr17	10650000	10675000	chr17	10775000	10800000	8	0.009730586606781248
chr17	10650000	10675000	chr17	10800000	10825000	10	0.010987397519327308
chr17	10650000	10675000	chr17	10825000	10850000	18	0.022776928249504363
chr17	10650000	10675000	chr17	10850000	10875000	17	0.01975674588271541
chr17	10650000	10675000	chr17	10875000	10900000	5	0.005761264491504791
chr17	10650000	10675000	chr17	10900000	10925000	4	0.005011129614295286
chr17	10650000	10675000	chr17	10925000	10950000	4	0.004219111601091458
chr17	10650000	10675000	chr17	10950000	10975000	2	0.002431260313058777
chr17	10650000	10675000	chr17	10975000	11000000	3	0.0033735271216575975
chr17	10675000	10700000	chr17	10675000	10700000	61	0.10555205264973819
chr17	10675000	10700000	chr17	10700000	10725000	40	0.05952538024681756
chr17	10675000	10700000	chr17	10725000	10750000	11	0.0160560251999838
chr17	10675000	10700000	chr17	10750000	10775000	13	0.019604185322208083
chr17	10675000	10700000	chr17	10775000	10800000	7	0.010058028913224045
chr17	10675000	10700000	chr17	10800000	10825000	6	0.007787748037669037
chr17	10675000	10700000	chr17	10825000	10850000	9	0.013453366153297088
chr17	10675000	10700000	chr17	10850000	10875000	9	0.012355911989825729
chr17	10675000	10700000	chr17	10875000	10900000	6	0.00816704340755584
chr17	10675000	10700000	chr17	10900000	10925000	4	0.005919723748895938
chr17	10675000	10700000	chr17	10925000	10950000	2	0.0024920504024655765
chr17	10675000	10700000	chr17	10950000	10975000	3	0.0043081272655285975
chr17	10675000	10700000	chr17	10975000	11000000	2	0.002656799318946834
chr17	10700000	10725000	chr17	10700000	10725000	80	0.10238527772759397
chr17	10700000	10725000	chr17	10725000	10750000	62	0.07782916733400654
chr17	10700000	10725000	chr17	10750000	10775000	14	0.01815677958080055
chr17	10700000	10725000	chr17	10775000	10800000	11	0.013592923212428934
chr17	10700000	10725000	chr17	10800000	10825000	9	0.010046354291267611
chr17	10700000	10725000	chr17	10825000	10850000	10	0.012855642643197255
chr17	10700000	10725000	chr17	10850000	10875000	8	0.009445558071461087
chr17	10700000	10725000	chr17	10875000	10900000	8	0.009365024958303401
chr17	10700000	10725000	chr17	10900000	10925000	1	0.0012727607904145818
chr17	10700000	10725000	chr17	10925000	10950000	1	0.0010715986672812626
chr17	10700000	10725000	chr17	10950000	10975000	2	0.0024700321372050234
chr17	10700000	10725000	chr17	10975000	11000000	5	0.005712209124262526
chr17	10725000	10750000	chr17	10725000	10750000	91	0.11204571591282483
chr17	10725000	10750000	chr17	10750000	10775000	37	0.047066909068578876
chr17	10725000	10750000	chr17	10775000	10800000	16	0.019392925539841344
chr17	10725000	10750000	chr17	10800000	10825000	10	0.010948866218428086
chr17	10725000	10750000	chr17	10825000	10850000	7	0.00882663159630133
chr17	10725000	10750000	chr17	10850000	10875000	18	0.020845547656998722
chr17	10725000	10750000	chr17	10875000	10900000	11	0.01263033315415366
chr17	10725000	10750000	chr17	10900000	10925000	11	0.013732279736618986
chr17	10725000	10750000	chr17	10925000	10950000	3	0.0031532368151586986
chr17	10725000	10750000	chr17	10950000	10975000	6	0.007268202646631072
chr17	10725000	10750000	chr17	10975000	11000000	2	0.002241131082181215
chr17	10750000	10775000	chr17	10750000	10775000	73	0.0959393796171897
chr17	10750000	10775000	chr17	10775000	10800000	43	0.05384580746395925
chr17	10750000	10775000	chr17	10800000	10825000	22	0.024885818030322464
chr17	10750000	10775000	chr17	10825000	10850000	22	0.028660234029730253
chr17	10750000	10775000	chr17	10850000	10875000	8	0.009571739761674131
chr17	10750000	10775000	chr17	10875000	10900000	6	0.00711759811471341
chr17	10750000	10775000	chr17	10900000	10925000	6	0.007738580381938146
chr17	10750000	10775000	chr17	10925000	10950000	3	0.0032577419442787205
chr17	10750000	10775000	chr17	10950000	10975000	5	0.006257572247565757
chr17	10750000	10775000	chr17	10975000	11000000	5	0.005788517606693816
chr17	10775000	10800000	chr17	10775000	10800000	113	0.13482526251231083
chr17	10775000	10800000	chr17	10800000	10825000	60	0.06466806756735663
chr17	10775000	10800000	chr17	10825000	10850000	24	0.029790492697046114
chr17	10775000	10800000	chr17	10850000	10875000	15	0.017100214070217962
chr17	10775000	10800000	chr17	10875000	10900000	10	0.01130294475267924
chr17	10775000	10800000	chr17	10900000	10925000	7	0.008602357365229709
chr17	10775000	10800000	chr17	10925000	10950000	7	0.007242739372144393
chr17	10775000	10800000	chr17	10950000	10975000	3	0.0035773918692336435
chr17	10775000	10800000	chr17	10975000	11000000	6	0.006618475984566613
chr17	10800000	10825000	chr17	10800000	10825000	150	0.14604130128682966
chr17	10800000	10825000	chr17	10825000	10850000	67	0.0751254435067456
chr17	10800000	10825000	chr17	10850000	10875000	19	0.019566344285738696
chr17	10800000	10825000	chr17	10875000	10900000	8	0.008168219386905762
chr17	10800000	10825000	chr17	10900000	10925000	4	0.0044404321011190535
chr17	10800000	10825000	chr17	10925000	10950000	10	0.009346534630757585
chr17	10800000	10825000	chr17	10950000	10975000	7	0.007540308293602998
chr17	10800000	10825000	chr17	10975000	11000000	3	0.0029893296078933656
chr17	10825000	10850000	chr17	10825000	10850000	86	0.11105510029283691
chr17	10825000	10850000	chr17	10850000	10875000	29	0.03439393761479048
chr17	10825000	10850000	chr17	10875000	10900000	7	0.008231201967359329
chr17	10825000	10850000	chr17	10900000	10925000	8	0.010227819158376273
chr17	10825000	10850000	chr17	10925000	10950000	3	0.0032292352562985427
chr17	10825000	10850000	chr17	10950000	10975000	6	0.007443378855527595
chr17	10825000	10850000	chr17	10975000	11000000	7	0.008033011711715178
chr17	10850000	10875000	chr17	10850000	10875000	99	0.10783579383787387
chr17	10850000	10875000	chr17	10875000	10900000	29	0.0313189403591666
chr17	10850000	10875000	chr17	10900000	10925000	2	0.0023483719971781843
chr17	10850000	10875000	chr17	10925000	10950000	10	0.009886037979049722
chr17	10850000	10875000	chr17	10950000	10975000	5	0.00569682294861258
chr17	10850000	10875000	chr17	10975000	11000000	6	0.006323761095000881
chr17	10875000	10900000	chr17	10875000	10900000	98	0.10493405464129578
chr17	10875000	10900000	chr17	10900000	10925000	29	0.033761070746613116
chr17	10875000	10900000	chr17	10925000	10950000	21	0.020583673573905725
chr17	10875000	10900000	chr17	10950000	10975000	14	0.015815104659868066
chr17	10875000	10900000	chr17	10975000	11000000	6	0.0062698445170715576
chr17	10900000	10925000	chr17	10900000	10925000	77	0.09746232665392099
chr17	10900000	10925000	chr17	10925000	10950000	42	0.044759035264429016
chr17	10900000	10925000	chr17	10950000	10975000	21	0.02579236492844921
chr17	10900000	10925000	chr17	10975000	11000000	17	0.019314446974144334
chr17	10925000	10950000	chr17	10925000	10950000	122	0.10946534108269204
chr17	10925000	10950000	chr17	10950000	10975000	49	0.05067028270108954
chr17	10925000	10950000	chr17	10975000	11000000	25	0.023914358863498443
chr17	10950000	10975000	chr17	10950000	10975000	69	0.08223312251572094
chr17	10950000	10975000	chr17	10975000	11000000	38	0.0418931265222199
chr17	10975000	11000000	chr17	10975000	11000000	114	0.11625871386510425
