chrom	start	end
chr17	1025000	1625000
chr17	1625000	1900000
chr17	1900000	2300000
chr17	2300000	2700000
chr17	3625000	4100000
chr17	4100000	5075000
chr17	5075000	5550000
chr17	5550000	6425000
chr17	6425000	7000000
chr17	7000000	7700000
chr17	7700000	8375000
chr17	8375000	9025000
chr17	9025000	9875000
chr17	9875000	10600000
chr17	10600000	10925000
chr17	10925000	12150000
chr17	12150000	13075000
chr17	14250000	15175000
chr17	17300000	17650000
chr17	17650000	18075000
chr17	27725000	28450000
chr17	28450000	29550000
chr17	29550000	30100000
chr17	31400000	31875000
chr17	32950000	34125000
chr17	34125000	34425000
chr17	34425000	34900000
chr17	34900000	35125000
chr17	35125000	35825000
chr17	38775000	39500000
chr17	39500000	39950000
chr17	39950000	40850000
chr17	40850000	41675000
chr17	41675000	42550000
chr17	43350000	43850000
chr17	43850000	44700000
chr17	48150000	48625000
chr17	48625000	49075000
chr17	49075000	50325000
chr17	50325000	51300000
chr17	51300000	54900000
chr17	54900000	55350000
chr17	55350000	55825000
chr17	55825000	57100000
chr17	57100000	57800000
chr17	57800000	58125000
chr17	58125000	58525000
chr17	58525000	59050000
chr17	60700000	61425000
chr17	61425000	62125000
chr17	62975000	63400000
chr17	63400000	63850000
chr17	63850000	64250000
chr17	65225000	66150000
chr17	66150000	66625000
chr17	66625000	67050000
chr17	67050000	67700000
chr17	67700000	68525000
chr17	68525000	69200000
chr17	69200000	69550000
chr17	69550000	70625000
chr17	70625000	72525000
chr17	72525000	73375000
chr17	73375000	74150000
chr17	74150000	74875000
chr17	74875000	75775000
chr17	75775000	76725000
chr17	76725000	77275000
chr17	77275000	77500000
chr17	77500000	78050000
chr17	78050000	79000000
chr17	79000000	79700000
chr17	79700000	80025000
chr17	80025000	80400000
chr17	80400000	81000000
chr17	81000000	81650000
