chrom	start	end	KR	VC	VC_SQRT	weight
chr17	10000000	10025000	1.0590945360170163	1.281061478200948	1.0634200835148777	0.038981996367267076
chr17	10025000	10050000	1.258713972123417	1.5218096572318531	1.1590443116921931	0.02990459440009968
chr17	10050000	10075000	1.0567441712422991	1.2511876165693758	1.0509476676519014	0.03750356101175508
chr17	10075000	10100000	1.1553884586180905	1.3882559228789424	1.1070178904196606	0.03321097014381467
chr17	10100000	10125000	1.1918314916637014	1.45327550407707	1.1326450952010156	0.03123694877468251
chr17	10125000	10150000	1.1700653368105292	1.4181297845105145	1.1188654448096134	0.034589226007980374
chr17	10150000	10175000	0.9239421379808523	1.0649153028666316	0.9695660633733432	0.044605636944074205
chr17	10175000	10200000	1.1991495933941019	1.4567900760337256	1.1340138511024933	0.032046574406248224
chr17	10200000	10225000	1.109954680619529	1.3390519154857645	1.0872228706101295	0.03503185557741099
chr17	10225000	10250000	1.136307805857813	1.3724403490739923	1.1006940297225833	0.03497890473341764
chr17	10250000	10275000	0.9906502172529782	1.1844107493929203	1.0225181889651422	0.038338226540571826
chr17	10275000	10300000	1.2438814243366016	1.50072222549192	1.1509859684677688	0.03070145308560757
chr17	10300000	10325000	1.2127367452942208	1.4620619339687089	1.1360638928803226	0.03159444297122928
chr17	10325000	10350000	1.0412434752670394	1.2142846110244925	1.0353331447627727	0.037439732398926534
chr17	10350000	10375000	1.0668623923105183	1.2459157586343925	1.0487312553408932	0.03559859636486985
chr17	10375000	10400000	1.1202633536992945	1.2951197660275702	1.0692391151002432	0.03269570542679006
chr17	10400000	10425000	1.053985135903529	1.2283428988511147	1.0413091432816357	0.033919538125264506
chr17	10425000	10450000	1.103608617307869	1.2828187641792759	1.0641492026156316	0.03307596307617859
chr17	10450000	10475000	1.083924480331107	1.2213137549378037	1.0383254433284168	0.033103562768579654
chr17	10475000	10500000	0.9503546462022356	1.0614007309099762	0.9679647971057065	0.03793908183613452
chr17	10500000	10525000	0.9359455187987908	1.0350414412350595	0.9558698014716562	0.03863926587367918
chr17	10525000	10550000	0.9316081823222508	1.047342443083354	0.9615330660972247	0.03960133391106188
chr17	10550000	10575000	1.2100575485740837	1.367168491139009	1.0985779866959167	0.030781458421293085
chr17	10575000	10600000	1.111695981866259	1.3074207678758647	1.0743049125333166	0.03435216869962561
chr17	10600000	10625000	1.0561431131189931	1.2476730446127202	1.0494705795464592	0.037387831224565106
chr17	10625000	10650000	1.149730096528779	1.3531102033123867	1.0929151758555153	0.03251906976933003
chr17	10650000	10675000	1.103657277956521	1.2933624800492425	1.0685134691971159	0.03521296701492687
chr17	10675000	10700000	0.8992850735652509	1.0280122973217485	0.9526185342237903	0.04159761434082689
chr17	10700000	10725000	1.0412348755160996	1.2037408951545259	1.0308284106563037	0.035774515672401835
chr17	10725000	10750000	1.1318576883343583	1.2845760501576036	1.0648778224905333	0.03508947995393542
chr17	10750000	10775000	1.0457950310887727	1.2283428988511147	1.0413091432816357	0.03625242167011473
chr17	10775000	10800000	1.1521034635333396	1.3372946295074368	1.0865092355672985	0.03454191534987817
chr17	10800000	10825000	1.3091821377113357	1.5815573804949976	1.1815778705720863	0.031202703011847084
chr17	10825000	10850000	1.1131958673838702	1.3249936276591423	1.0815006052426273	0.03593519688965268
chr17	10850000	10875000	1.1703250428125573	1.3724403490739923	1.1006940297225833	0.03300379436984188
chr17	10875000	10900000	1.1796018931007966	1.40582878266222	1.114002299708644	0.03272240302308281
chr17	10900000	10925000	1.0311463106454957	1.2072554671111815	1.0323321728133787	0.03557730318614628
chr17	10925000	10950000	1.2341200307978093	1.4743629358170032	1.140832997655336	0.029954246679234426
chr17	10950000	10975000	1.0793957623854622	1.1861680353712483	1.0232764524649482	0.03452223029130376
chr17	10975000	11000000	1.196545745379392	1.40582878266222	1.114002299708644	0.03193451548902
