chrom	start	end	region	is_bad_bin	log2_insulation_score_100000	n_valid_pixels_100000	sum_counts_100000	sum_balanced_100000	log2_insulation_score_200000	n_valid_pixels_200000	sum_counts_200000	sum_balanced_200000	log2_insulation_score_300000	n_valid_pixels_300000	sum_counts_300000	sum_balanced_300000	log2_insulation_score_500000	n_valid_pixels_500000	sum_counts_500000	sum_balanced_500000	log2_insulation_score_1000000	n_valid_pixels_1000000	sum_counts_1000000	sum_balanced_1000000	boundary_strength_100000	boundary_strength_500000	boundary_strength_200000	boundary_strength_300000	boundary_strength_1000000	is_boundary_100000	is_boundary_200000	is_boundary_300000	is_boundary_500000	is_boundary_1000000
chr17	10000000	10025000	chr17	False	0.3042163547913499	13.0	276.0	0.3325393463521254	0.1880415805756349	61.0	738.0	0.8781765773622696	0.23863076347715312	141.0	1277.0	1.5244607567576993	0.11031613943731221	397.0	1966.0	2.399547391796523	0.04945031126465639	1597.0	3327.0	4.109780295065451						False	False	False	False	False
chr17	10025000	10050000	chr17	False	0.5722780144608224	13.0	357.0	0.40044017181015207	0.4607516885221906	61.0	916.0	1.0609032310305848	0.40440684730861576	141.0	1474.0	1.710093368546855	0.21806916550091268	397.0	2155.0	2.5856290873514265	0.11539750265414662	1597.0	3538.0	4.302002795538549						False	False	False	False	False
chr17	10050000	10075000	chr17	False	0.5396091307614176	13.0	333.0	0.3914743621095541	0.6260438732840312	61.0	996.0	1.1896896346299373	0.5099570549766174	141.0	1546.0	1.8398973819125362	0.27674077686071086	397.0	2213.0	2.692949068295106	0.14518669364016734	1597.0	3574.0	4.391755241557168						False	False	False	False	False
chr17	10075000	10100000	chr17	False	0.5292510968880483	13.0	319.0	0.388673781958611	0.726785387509998	61.0	1067.0	1.2757333100588335	0.5323438961334259	141.0	1581.0	1.8686704247851103	0.3096138266258311	397.0	2295.0	2.755014657134051	0.1591743120389078	1597.0	3635.0	4.434542495276174						False	False	False	False	False
chr17	10100000	10125000	chr17	False	0.4884112140559745	13.0	319.0	0.3778254571327178	0.7786998834634589	61.0	1102.0	1.322475745799892	0.5351546148797653	141.0	1593.0	1.8723145952791402	0.33209567439737775	397.0	2353.0	2.7982829366987345	0.15757156604737377	1597.0	3653.0	4.429618725179041	0.06670245412570358					False	False	False	False	False
chr17	10125000	10150000	chr17	False	0.5207445335507751	13.0	317.0	0.386388787711424	0.7072208956106474	61.0	1054.0	1.2585497752000088	0.4756928482018691	141.0	1519.0	1.796714395378897	0.3785741815265744	397.0	2406.0	2.8899015573816507	0.14889763993473018	1597.0	3614.0	4.4030663959755305						False	False	False	False	False
chr17	10150000	10175000	chr17	False	0.5551136681816781	13.0	324.0	0.39570419641429766	0.5345845702336464	61.0	904.0	1.1166104401822659	0.39701671525511506	141.0	1413.0	1.7013558998698566	0.36630446540865397	397.0	2372.0	2.865427974302908	0.12286393236985398	1597.0	3527.0	4.3243248120433435						False	False	False	False	False
chr17	10175000	10200000	chr17	False	0.27850013485212255	13.0	271.0	0.3266643080263571	0.26097849716647514	61.0	778.0	0.9237151128518958	0.2472797434031095	141.0	1309.0	1.5336273730142884	0.3060683208297298	397.0	2328.0	2.7482523633902383	0.09399988329553492	1597.0	3506.0	4.2386676278215925						False	False	False	False	False
chr17	10200000	10225000	chr17	False	-0.01545091170144553	13.0	210.0	0.2664486983306939	0.008296964446116488	61.0	650.0	0.7753063276115955	0.03336328710950278	141.0	1097.0	1.3222835087947804	0.23159319578343815	397.0	2187.0	2.6099811066856953	0.06064899884736561	1597.0	3399.0	4.141805937934901						False	False	False	False	False
chr17	10225000	10250000	chr17	False	-0.1906492326767458	13.0	196.0	0.23597916123584778	-0.3061069596233621	61.0	520.0	0.6234883120076116	-0.26676402320383136	141.0	902.0	1.0739331754974328	0.11320903783459181	397.0	2018.0	2.404363802036695	0.006221124582759855	1597.0	3275.0	3.988460759955401						False	False	False	False	False
chr17	10250000	10275000	chr17	False	-0.28756316400975457	13.0	188.0	0.22064782601308033	-0.6111838764642079	61.0	423.0	0.5046508552410097	-0.5801635744352373	141.0	708.0	0.8642404576949619	0.005691228193791407	397.0	1860.0	2.2316911707197344	-0.04339422106478834	1597.0	3152.0	3.853626469476697						False	False	False	False	False
chr17	10275000	10300000	chr17	False	-0.3952363338535226	13.0	175.0	0.20477965121338196	-0.7313510549923435	61.0	401.0	0.464319676701573	-0.6819205568470996	141.0	683.0	0.8053834280366735	-0.06832054121948455	397.0	1790.0	2.120090171012559	-0.06693098637506988	1597.0	3145.0	3.7912667669968467						False	False	False	False	False
chr17	10300000	10325000	chr17	False	-0.5476387772606153	13.0	158.0	0.18425067691579144	-0.7792197158910495	61.0	382.0	0.4491663216878282	-0.7306025539085902	141.0	662.0	0.7786601475819573	-0.12154908081412193	397.0	1723.0	2.0432944038120984	-0.08113783166859506	1597.0	3104.0	3.7541157362443305				0.5270594859883937		False	False	True	False	False
chr17	10325000	10350000	chr17	False	-0.6399655215116693	13.0	150.0	0.17282874354444214	-0.8116602233247585	61.0	365.0	0.43917905488185893	-0.5552180842597408	141.0	723.0	0.8793138907625663	-0.14246024445842537	397.0	1681.0	2.013891449759172	-0.08209770297969626	1597.0	3063.0	3.7516188332911495	0.3731075724299051		0.7772768173347665			False	True	False	False	False
chr17	10350000	10375000	chr17	False	-0.4529558871548312	13.0	174.0	0.19674852359112677	-0.6445149195820473	61.0	408.0	0.493125396592072	-0.41246447766585614	141.0	807.0	0.9707715752530452	-0.156884101354814	397.0	1661.0	1.9938571703654706	-0.09070398532446988	1597.0	3055.0	3.7293054704511497		0.004727364588835492			0.020525780756635956	False	False	False	False	False
chr17	10375000	10400000	chr17	False	-0.44056835485291596	13.0	173.0	0.19844515532812973	-0.43326713736473593	61.0	478.0	0.5708858632726588	-0.3061253681676155	141.0	872.0	1.0450289293885422	-0.15215673676597852	397.0	1665.0	2.000401276538367	-0.08309018841906324	1597.0	3077.0	3.749038837859088						False	False	False	False	False
chr17	10400000	10425000	chr17	False	-0.42548458872816886	13.0	167.0	0.20053083718383036	-0.24003657594330904	61.0	545.0	0.6527058179926132	-0.23915960752705737	141.0	898.0	1.094679577152767	-0.20251130414577728	397.0	1590.0	1.9317854372448835	-0.08227031504331948	1597.0	3078.0	3.7511699955865647						False	False	False	False	False
chr17	10425000	10450000	chr17	False	-0.29752153897619243	13.0	180.0	0.2191300224564729	-0.03438340598999197	61.0	619.0	0.7527057899554439	-0.218719816467362	141.0	908.0	1.1102991465207381	-0.26041861693353746	397.0	1536.0	1.8557823918202871	-0.07993185266713634	1597.0	3086.0	3.7572551922026776						False	False	False	False	False
chr17	10450000	10475000	chr17	False	-0.2668579490817642	13.0	179.0	0.22383734380753123	-0.04604311720737277	61.0	622.0	0.7466470162429706	-0.20354306792019652	141.0	919.0	1.122040834530934	-0.30628091766159293	397.0	1485.0	1.7977161563437463	-0.07106867650003891	1597.0	3105.0	3.780408884627338						False	False	False	False	False
chr17	10475000	10500000	chr17	False	-0.3333232223433106	13.0	171.0	0.2137590460455324	-0.103721562843354	61.0	582.0	0.7173851652059984	-0.21355216230888324	141.0	897.0	1.1142833081611736	-0.3302418504960339	397.0	1450.0	1.7681054466764579	-0.07017820456783393	1597.0	3086.0	3.7827429795154925	0.021338857390632293					False	False	False	False	False
chr17	10500000	10525000	chr17	False	-0.3119843649526783	13.0	174.0	0.2169442474722757	-0.24276287229240961	61.0	519.0	0.6514735484254603	-0.2768401722835434	141.0	861.0	1.06645868532498	-0.3645083633966703	397.0	1423.0	1.7266046801253603	-0.07822474714999637	1597.0	3066.0	3.761703691134004						False	False	False	False	False
chr17	10525000	10550000	chr17	False	-0.3707365053865321	13.0	161.0	0.2082869124385763	-0.5212733287384519	61.0	430.0	0.5371020195813503	-0.3619612135014725	141.0	817.0	1.0053564044036412	-0.4302032641385731	397.0	1354.0	1.6497448377914723	-0.09345170177463576	1597.0	3026.0	3.7222094995452095						False	False	False	False	False
chr17	10550000	10575000	chr17	False	-0.7971434723308408	13.0	123.0	0.15498893527316338	-0.8556735330862337	61.0	352.0	0.4259830250780906	-0.5189112765466622	141.0	753.0	0.901723466758809	-0.5240068227397269	397.0	1291.0	1.5458917990224619	-0.12801844107388566	1597.0	2995.0	3.6340858927706488						False	False	False	False	False
chr17	10575000	10600000	chr17	False	-1.1272404720986222	13.0	98.0	0.12329106282059712	-1.1455905685991523	61.0	278.0	0.34843242971038707	-0.6568167453814282	141.0	669.0	0.8195202501728822	-0.6066659471722032	397.0	1207.0	1.459809606883395	-0.16381951039623732	1597.0	2907.0	3.5450143052524212						False	False	False	False	False
chr17	10600000	10625000	chr17	False	-1.2529520396637344	13.0	90.0	0.113002654062457	-1.2547883363087096	61.0	255.0	0.3230329071218607	-0.8970060168697279	141.0	557.0	0.6938338980992602	-0.6914342144076181	397.0	1137.0	1.376507006315639	-0.2221318397397408	1597.0	2795.0	3.4045853950920253	0.9380370910755957		1.2525948017826378			True	True	False	False	False
chr17	10625000	10650000	chr17	False	-0.9938459079432641	13.0	108.0	0.13523445696992048	-1.1202474137960543	61.0	288.0	0.35460725701183654	-0.9404086260165846	141.0	556.0	0.6732711835352363	-0.7367946122413513	397.0	1120.0	1.3339009624155878	-0.2812164690791177	1597.0	2710.0	3.2679694358231774		0.847386884345296		0.9714293312209947	0.4403907811180255	False	False	True	True	True
chr17	10650000	10675000	chr17	False	-0.5639503976878444	13.0	143.0	0.18217920604944773	-0.756990512262778	61.0	366.0	0.4561407188570597	-0.7785601797465875	141.0	624.0	0.7532016519304422	-0.6344573518667855	397.0	1204.0	1.4319576400990497	-0.2526960737080561	1597.0	2759.0	3.3332161744079936						False	False	False	False	False
chr17	10675000	10700000	chr17	False	-0.31491494858813857	13.0	167.0	0.21650401031255212	-0.516929740064928	61.0	429.0	0.538721534219131	-0.7198341422531713	141.0	638.0	0.7844938849543779	-0.602285369362186	397.0	1210.0	1.4642488873795816	-0.23950827510136155	1597.0	2747.0	3.3638250743345215						False	False	False	False	False
chr17	10700000	10725000	chr17	False	-0.32337611107688014	13.0	170.0	0.21523796709148785	-0.45220366273583457	61.0	458.0	0.563441493612697	-0.6912311386247495	141.0	659.0	0.8002025384050787	-0.605673635389672	397.0	1222.0	1.4608140357670267	-0.23972551437459833	1597.0	2767.0	3.363318591759618		0.0033882660274859866			0.0002172392732367745	False	False	False	False	False
chr17	10725000	10750000	chr17	False	-0.5214321496992022	13.0	148.0	0.18762818308769788	-0.3777330542406554	61.0	487.0	0.5932895700934039	-0.629939994852294	141.0	691.0	0.8349306371596815	-0.5698111702613228	397.0	1253.0	1.4975819973644269	-0.21028861433744236	1597.0	2827.0	3.4326490021142	0.2029072671312251					False	False	False	False	False
chr17	10750000	10775000	chr17	False	-0.44184590753772945	13.0	156.0	0.19826950356871606	-0.34726665235099335	61.0	500.0	0.6059517086513304	-0.5890558155257721	141.0	703.0	0.8589299804174892	-0.5244901207908742	397.0	1298.0	1.5453740171322456	-0.18191036509720931	1597.0	2883.0	3.5008387070637474						False	False	False	False	False
chr17	10775000	10800000	chr17	False	-0.31852488256797706	13.0	180.0	0.21596294781891529	-0.36984056562467915	61.0	497.0	0.5965441475976957	-0.5742537395404412	141.0	720.0	0.8677879807336005	-0.49898378612737426	397.0	1328.0	1.5729386278039859	-0.1588979951452125	1597.0	2920.0	3.5571281850724534						False	False	False	False	False
chr17	10800000	10825000	chr17	False	-0.36294402531706654	13.0	180.0	0.20941498375490983	-0.4496094257395172	61.0	482.0	0.5644555788635947	-0.5840053939910089	141.0	739.0	0.8619420932540415	-0.4825781197105327	397.0	1349.0	1.5909274510416036	-0.12226769207364341	1597.0	3023.0	3.6486006883213995						False	False	False	False	False
chr17	10825000	10850000	chr17	False	-0.6593831510829123	13.0	144.0	0.17051817807272807	-0.6045595157576773	61.0	426.0	0.5069733668539294	-0.6413476975684431	141.0	706.0	0.8283546924268943	-0.5004675621178287	397.0	1324.0	1.5713217311332188	-0.10731551356513555	1597.0	3045.0	3.686611639801641						False	False	False	False	False
chr17	10850000	10875000	chr17	False	-1.1699765165298495	13.0	110.0	0.11969245232305445	-0.9473597814873073	61.0	340.0	0.39975323077318065	-0.7559180123660739	141.0	675.0	0.7651159144295608	-0.5178547312263305	397.0	1330.0	1.552498028453319	-0.09892031381194825	1597.0	3061.0	3.708126974244542		0.03527661151579781		0.1816642728256327		False	False	False	False	False
chr17	10875000	10900000	chr17	False	-1.253533220458445	13.0	105.0	0.11295714080856141	-1.0613864650419658	61.0	324.0	0.3693741767714275	-0.7342473867455354	141.0	686.0	0.7766954191166036	-0.437767569119115	397.0	1397.0	1.6411175710523662	-0.03436055610437155	1597.0	3193.0	3.877832271026744	1.1532324103975982		0.7141198126909725			True	True	False	False	False
chr17	10900000	10925000	chr17	False	-0.9339832220389177	13.0	126.0	0.14096387365519783	-0.7911674634547488	61.0	396.0	0.4454618898287015	-0.5857346090346022	141.0	755.0	0.8609095879068133	-0.3232578283858775	397.0	1505.0	1.7766855171062956	0.05050346103788024	1597.0	3365.0	4.112781479806006						False	False	False	False	False
chr17	10925000	10950000	chr17	False	-0.5420174748357816	13.0	173.0	0.18496998984913318	-0.597708969884227	61.0	462.0	0.5093864223090768	-0.43600671429725407	141.0	845.0	0.9550588472735732	-0.23477160914312972	397.0	1629.0	1.8890679000484312	0.11719764602404864	1597.0	3566.0	4.3073740313728495						False	False	False	False	False
chr17	10950000	10975000	chr17	False	-0.39222723324490705	13.0	172.0	0.2052072160311485	-0.3628847122326176	61.0	551.0	0.5994272883927629	-0.30896001589118105	141.0	913.0	1.0429776430787037	-0.14320094791984744	397.0	1721.0	2.0128577500095726	0.20823221740428005	1597.0	3743.0	4.5879293553840155						False	False	False	False	False
chr17	10975000	11000000	chr17	False	-0.2320140752285225	13.0	197.0	0.22930926102377608	-0.21501646874917826	61.0	601.0	0.6641241707214796	-0.19038150631599435	141.0	1006.0	1.1323239346186673	-0.07006309378786225	397.0	1821.0	2.1175309757197125	0.293950704005968	1597.0	3963.0	4.868784559135172						False	False	False	False	False
